player_name,player_id,team_name,time,adjusted_vaep
Alex Greenwood,10252.0,Manchester City WFC,3,-0.2781106576001964
Alex Greenwood,10252.0,Manchester City WFC,4,-0.4417173466323951
Alex Greenwood,10252.0,Manchester City WFC,5,-0.7037332652854494
Alex Greenwood,10252.0,Manchester City WFC,6,-0.7269108119182677
Alex Greenwood,10252.0,Manchester City WFC,7,-1.1848343296385881
Alex Greenwood,10252.0,Manchester City WFC,8,-1.4935170490812943
Alex Greenwood,10252.0,Manchester City WFC,9,-1.5805306263748817
Alex Greenwood,10252.0,Manchester City WFC,10,-1.7457187125899616
Alex Greenwood,10252.0,Manchester City WFC,11,-1.920864099760005
Alex Greenwood,10252.0,Manchester City WFC,12,-1.736666727242648
Alex Greenwood,10252.0,Manchester City WFC,13,-2.0911106252544345
Alex Greenwood,10252.0,Manchester City WFC,14,-2.338924785290142
Alex Greenwood,10252.0,Manchester City WFC,15,-2.645579179525032
Alex Greenwood,10252.0,Manchester City WFC,16,-2.713983514224848
Alex Greenwood,10252.0,Manchester City WFC,17,-2.876368716077407
Alex Greenwood,10252.0,Manchester City WFC,18,-3.102145455627247
Alex Greenwood,10252.0,Manchester City WFC,19,-3.241455685867139
Alex Greenwood,10252.0,Manchester City WFC,20,-3.403671838513021
Alex Greenwood,10252.0,Manchester City WFC,21,-3.8002413200962373
Alex Greenwood,10252.0,Manchester City WFC,22,-3.9216929612761513
Alex Greenwood,10252.0,Manchester City WFC,23,-4.030904243324253
Alex Greenwood,10252.0,Manchester City WFC,24,-4.124456789596773
Alex Greenwood,10252.0,Manchester City WFC,25,-3.978182467745782
Alex Greenwood,10252.0,Manchester City WFC,26,-3.773790290955928
Alex Greenwood,10252.0,Manchester City WFC,27,-3.98612010083135
Alex Greenwood,10252.0,Manchester City WFC,28,-4.439159179410758
Alex Greenwood,10252.0,Manchester City WFC,29,-4.552590913013658
Alex Greenwood,10252.0,Manchester City WFC,30,-4.597109557967057
Alex Greenwood,10252.0,Manchester City WFC,31,-3.2733155570710486
Alex Greenwood,10252.0,Manchester City WFC,32,-3.4969078352824736
Alex Greenwood,10252.0,Manchester City WFC,33,-3.639030457798339
Alex Greenwood,10252.0,Manchester City WFC,34,-4.116750504973945
Alex Greenwood,10252.0,Manchester City WFC,35,-4.470624431500923
Alex Greenwood,10252.0,Manchester City WFC,36,-4.648957651828994
Alex Greenwood,10252.0,Manchester City WFC,37,-4.890032047119907
Alex Greenwood,10252.0,Manchester City WFC,38,-5.212450490833311
Alex Greenwood,10252.0,Manchester City WFC,39,-5.407166864559477
Alex Greenwood,10252.0,Manchester City WFC,40,-5.801415219919036
Alex Greenwood,10252.0,Manchester City WFC,41,-6.0970962740045875
Alex Greenwood,10252.0,Manchester City WFC,42,-6.144620203578461
Alex Greenwood,10252.0,Manchester City WFC,43,-6.610542630927645
Alex Greenwood,10252.0,Manchester City WFC,44,-7.10958475746858
Alex Greenwood,10252.0,Manchester City WFC,45,-7.273932731963782
Alex Greenwood,10252.0,Manchester City WFC,46,-7.494525138029343
Alex Greenwood,10252.0,Manchester City WFC,47,-7.584929577772739
Alex Greenwood,10252.0,Manchester City WFC,48,-7.951510065821222
Alex Greenwood,10252.0,Manchester City WFC,49,-7.980398577304432
Alex Greenwood,10252.0,Manchester City WFC,50,-8.287063228766861
Alex Greenwood,10252.0,Manchester City WFC,51,-8.270365041456348
Alex Greenwood,10252.0,Manchester City WFC,52,-8.88704623005648
Alex Greenwood,10252.0,Manchester City WFC,53,-8.808445606921262
Alex Greenwood,10252.0,Manchester City WFC,54,-8.776811385921118
Alex Greenwood,10252.0,Manchester City WFC,55,-8.892314560376471
Alex Greenwood,10252.0,Manchester City WFC,56,-8.98412032882016
Alex Greenwood,10252.0,Manchester City WFC,57,-8.53420355916835
Alex Greenwood,10252.0,Manchester City WFC,58,-9.004742573130113
Alex Greenwood,10252.0,Manchester City WFC,59,-8.709742893275529
Alex Greenwood,10252.0,Manchester City WFC,60,-9.343769769841687
Alex Greenwood,10252.0,Manchester City WFC,61,-9.553508601484094
Alex Greenwood,10252.0,Manchester City WFC,62,-9.861624453204872
Alex Greenwood,10252.0,Manchester City WFC,63,-9.861577495315805
Alex Greenwood,10252.0,Manchester City WFC,64,-9.895725826911036
Alex Greenwood,10252.0,Manchester City WFC,65,-10.005569121696437
Alex Greenwood,10252.0,Manchester City WFC,66,-10.239994422402713
Alex Greenwood,10252.0,Manchester City WFC,67,-10.718300659526241
Alex Greenwood,10252.0,Manchester City WFC,68,-10.21202333940428
Alex Greenwood,10252.0,Manchester City WFC,69,-10.416367553640068
Alex Greenwood,10252.0,Manchester City WFC,70,-10.845151706479276
Alex Greenwood,10252.0,Manchester City WFC,71,-10.994562864025683
Alex Greenwood,10252.0,Manchester City WFC,72,-11.128056445102285
Alex Greenwood,10252.0,Manchester City WFC,73,-11.037731398307196
Alex Greenwood,10252.0,Manchester City WFC,74,-10.965926096578752
Alex Greenwood,10252.0,Manchester City WFC,75,-10.545681763372409
Alex Greenwood,10252.0,Manchester City WFC,76,-10.648292191454042
Alex Greenwood,10252.0,Manchester City WFC,77,-10.65087542471782
Alex Greenwood,10252.0,Manchester City WFC,78,-10.494731468300046
Alex Greenwood,10252.0,Manchester City WFC,79,-10.307391676465908
Alex Greenwood,10252.0,Manchester City WFC,80,-10.39033964017759
Alex Greenwood,10252.0,Manchester City WFC,81,-10.361045769468118
Alex Greenwood,10252.0,Manchester City WFC,82,-10.490547862077177
Alex Greenwood,10252.0,Manchester City WFC,83,-10.412309018348816
Alex Greenwood,10252.0,Manchester City WFC,84,-10.726419018554664
Alex Greenwood,10252.0,Manchester City WFC,85,-11.028892944528195
Alex Greenwood,10252.0,Manchester City WFC,86,-11.23998267921416
Alex Greenwood,10252.0,Manchester City WFC,87,-11.496146318154606
Alex Greenwood,10252.0,Manchester City WFC,88,-11.610181805629628
Alex Greenwood,10252.0,Manchester City WFC,89,-11.840785150513193
Alex Greenwood,10252.0,Manchester City WFC,90,-11.85229488196743
Alex Greenwood,10252.0,Manchester City WFC,91,-11.992822558714185
Alex Greenwood,10252.0,Manchester City WFC,92,-12.077520034778649
Alex Greenwood,10252.0,Manchester City WFC,93,-12.140658271540849
Alex Greenwood,10252.0,Manchester City WFC,94,-12.28996432777835
Alex Greenwood,10252.0,Manchester City WFC,95,-12.604264694478015
Alex Greenwood,10252.0,Manchester City WFC,96,-12.510493043517883
Alex Greenwood,10252.0,Manchester City WFC,97,-18.00621540305282
Alex Greenwood,10252.0,Manchester City WFC,98,-20.276284618187137
Alex Greenwood,10252.0,Manchester City WFC,99,-23.10915892106217
Alex Greenwood,10252.0,Manchester City WFC,100,-23.10915892106217
Chloe Kelly,15570.0,Manchester City WFC,3,-1.3227794149024217
Chloe Kelly,15570.0,Manchester City WFC,4,-1.6316286385526038
Chloe Kelly,15570.0,Manchester City WFC,5,-1.6985611096369913
Chloe Kelly,15570.0,Manchester City WFC,6,-2.0953674995401554
Chloe Kelly,15570.0,Manchester City WFC,7,-2.1468680490079968
Chloe Kelly,15570.0,Manchester City WFC,8,-2.078437983921715
Chloe Kelly,15570.0,Manchester City WFC,9,-1.2693027410542554
Chloe Kelly,15570.0,Manchester City WFC,10,-1.3843051189837026
Chloe Kelly,15570.0,Manchester City WFC,11,-1.098065732515717
Chloe Kelly,15570.0,Manchester City WFC,12,-1.3590267695698004
Chloe Kelly,15570.0,Manchester City WFC,13,-1.377075012736084
Chloe Kelly,15570.0,Manchester City WFC,14,-1.2253811607817657
Chloe Kelly,15570.0,Manchester City WFC,15,-1.187568541964244
Chloe Kelly,15570.0,Manchester City WFC,16,-1.1202841771080776
Chloe Kelly,15570.0,Manchester City WFC,17,-1.587391801754
Chloe Kelly,15570.0,Manchester City WFC,18,-1.9345728203862897
Chloe Kelly,15570.0,Manchester City WFC,19,-1.9098491900589845
Chloe Kelly,15570.0,Manchester City WFC,20,-1.6684390559082936
Chloe Kelly,15570.0,Manchester City WFC,21,-1.678871604448064
Chloe Kelly,15570.0,Manchester City WFC,22,-1.6792062108491232
Chloe Kelly,15570.0,Manchester City WFC,23,-1.647439281281029
Chloe Kelly,15570.0,Manchester City WFC,24,-1.4328071160344436
Chloe Kelly,15570.0,Manchester City WFC,25,-0.686552164732906
Chloe Kelly,15570.0,Manchester City WFC,26,-0.8485485337598238
Chloe Kelly,15570.0,Manchester City WFC,27,-0.8485485337598238
Chloe Kelly,15570.0,Manchester City WFC,28,-0.9732609020903201
Chloe Kelly,15570.0,Manchester City WFC,29,-1.0125824678206843
Chloe Kelly,15570.0,Manchester City WFC,30,-0.7876379747001312
Chloe Kelly,15570.0,Manchester City WFC,31,-0.8005235027673805
Chloe Kelly,15570.0,Manchester City WFC,32,-0.757801157537844
Chloe Kelly,15570.0,Manchester City WFC,33,-0.492075248122931
Chloe Kelly,15570.0,Manchester City WFC,34,-0.48179631470287604
Chloe Kelly,15570.0,Manchester City WFC,35,-1.08681777827158
Chloe Kelly,15570.0,Manchester City WFC,36,0.13928564179995284
Chloe Kelly,15570.0,Manchester City WFC,37,0.06043880924839797
Chloe Kelly,15570.0,Manchester City WFC,38,-0.0976661502449467
Chloe Kelly,15570.0,Manchester City WFC,39,-0.3760314651167331
Chloe Kelly,15570.0,Manchester City WFC,40,-0.587734113487679
Chloe Kelly,15570.0,Manchester City WFC,41,-0.6594251253548501
Chloe Kelly,15570.0,Manchester City WFC,42,-1.1837277393927168
Chloe Kelly,15570.0,Manchester City WFC,43,-1.3592570100621661
Chloe Kelly,15570.0,Manchester City WFC,44,-1.4219936573787755
Chloe Kelly,15570.0,Manchester City WFC,45,-1.6774428417373908
Chloe Kelly,15570.0,Manchester City WFC,46,-1.6774428417373908
Chloe Kelly,15570.0,Manchester City WFC,47,-2.36864270857705
Chloe Kelly,15570.0,Manchester City WFC,48,-2.4484721010187376
Chloe Kelly,15570.0,Manchester City WFC,49,-2.3493200222908657
Chloe Kelly,15570.0,Manchester City WFC,50,-2.288680194368039
Chloe Kelly,15570.0,Manchester City WFC,51,-2.4687578091652744
Chloe Kelly,15570.0,Manchester City WFC,52,-2.308714864362942
Chloe Kelly,15570.0,Manchester City WFC,53,-2.083805559971894
Chloe Kelly,15570.0,Manchester City WFC,54,-2.086267912113137
Chloe Kelly,15570.0,Manchester City WFC,55,-2.2069424624735405
Chloe Kelly,15570.0,Manchester City WFC,56,-2.294216352042789
Chloe Kelly,15570.0,Manchester City WFC,57,-1.2967893604854364
Chloe Kelly,15570.0,Manchester City WFC,58,-0.8703749975106903
Chloe Kelly,15570.0,Manchester City WFC,59,-0.28933087900602883
Chloe Kelly,15570.0,Manchester City WFC,60,-0.4750839956660375
Chloe Kelly,15570.0,Manchester City WFC,61,-0.7910055819049177
Chloe Kelly,15570.0,Manchester City WFC,62,-0.8149398644699699
Chloe Kelly,15570.0,Manchester City WFC,63,-0.8061670960904224
Chloe Kelly,15570.0,Manchester City WFC,64,-0.7252588409819601
Chloe Kelly,15570.0,Manchester City WFC,65,-0.9581480499275742
Chloe Kelly,15570.0,Manchester City WFC,66,-0.9206800221453317
Chloe Kelly,15570.0,Manchester City WFC,67,-1.0878964693022304
Chloe Kelly,15570.0,Manchester City WFC,68,-1.3143921957850995
Chloe Kelly,15570.0,Manchester City WFC,69,-1.3519032866872984
Chloe Kelly,15570.0,Manchester City WFC,70,-1.3846169781120852
Chloe Kelly,15570.0,Manchester City WFC,71,-1.1989600337442998
Chloe Kelly,15570.0,Manchester City WFC,72,-0.6952433856846154
Chloe Kelly,15570.0,Manchester City WFC,73,-0.7952359698997287
Chloe Kelly,15570.0,Manchester City WFC,74,-1.0405872650840278
Chloe Kelly,15570.0,Manchester City WFC,75,-1.050770663870121
Chloe Kelly,15570.0,Manchester City WFC,76,-1.050770663870121
Chloe Kelly,15570.0,Manchester City WFC,77,-1.0878114620939099
Chloe Kelly,15570.0,Manchester City WFC,78,-1.1965162772429925
Chloe Kelly,15570.0,Manchester City WFC,79,-1.1965162772429925
Chloe Kelly,15570.0,Manchester City WFC,80,-1.1965162772429925
Chloe Kelly,15570.0,Manchester City WFC,81,-1.2866176850368691
Chloe Kelly,15570.0,Manchester City WFC,82,-1.3498148502331335
Chloe Kelly,15570.0,Manchester City WFC,83,-1.2736148008732981
Chloe Kelly,15570.0,Manchester City WFC,84,-1.2736148008732981
Chloe Kelly,15570.0,Manchester City WFC,85,-1.2736148008732981
Chloe Kelly,15570.0,Manchester City WFC,86,-1.2736148008732981
Chloe Kelly,15570.0,Manchester City WFC,87,-1.2736148008732981
Chloe Kelly,15570.0,Manchester City WFC,88,-1.3784682249976326
Chloe Kelly,15570.0,Manchester City WFC,89,-1.448998485704337
Chloe Kelly,15570.0,Manchester City WFC,90,-1.5790462180567866
Chloe Kelly,15570.0,Manchester City WFC,91,-1.5790462180567866
Chloe Kelly,15570.0,Manchester City WFC,92,-1.5601133326463517
Chloe Kelly,15570.0,Manchester City WFC,93,-1.6524480314499777
Chloe Kelly,15570.0,Manchester City WFC,94,-1.7374135614409163
Chloe Kelly,15570.0,Manchester City WFC,95,-1.7374135614409163
Chloe Kelly,15570.0,Manchester City WFC,96,-1.831232612071485
Chloe Kelly,15570.0,Manchester City WFC,97,-7.599286209136544
Chloe Kelly,15570.0,Manchester City WFC,98,-10.216489718696218
Chloe Kelly,15570.0,Manchester City WFC,99,-6.0657293032560675
Chloe Kelly,15570.0,Manchester City WFC,100,-6.0657293032560675
Ellie Roebuck,4637.0,Manchester City WFC,3,-1.8823141731703792
Ellie Roebuck,4637.0,Manchester City WFC,4,-2.1640746780489635
Ellie Roebuck,4637.0,Manchester City WFC,5,-2.454113072374485
Ellie Roebuck,4637.0,Manchester City WFC,6,-2.685249635928247
Ellie Roebuck,4637.0,Manchester City WFC,7,-2.858128699723062
Ellie Roebuck,4637.0,Manchester City WFC,8,-2.858128699723062
Ellie Roebuck,4637.0,Manchester City WFC,9,-3.1589874836149017
Ellie Roebuck,4637.0,Manchester City WFC,10,-3.1589874836149017
Ellie Roebuck,4637.0,Manchester City WFC,11,-3.220192240115361
Ellie Roebuck,4637.0,Manchester City WFC,12,-3.4035052694536025
Ellie Roebuck,4637.0,Manchester City WFC,13,-3.6369083819915518
Ellie Roebuck,4637.0,Manchester City WFC,14,-3.4645029464345876
Ellie Roebuck,4637.0,Manchester City WFC,15,-3.6601061046397
Ellie Roebuck,4637.0,Manchester City WFC,16,-3.8247998811624107
Ellie Roebuck,4637.0,Manchester City WFC,17,-4.29057505340044
Ellie Roebuck,4637.0,Manchester City WFC,18,-4.518605698175226
Ellie Roebuck,4637.0,Manchester City WFC,19,-3.7164466010243715
Ellie Roebuck,4637.0,Manchester City WFC,20,-3.832631244658805
Ellie Roebuck,4637.0,Manchester City WFC,21,-4.013914868287268
Ellie Roebuck,4637.0,Manchester City WFC,22,-3.9619935221650264
Ellie Roebuck,4637.0,Manchester City WFC,23,-3.9750566353265726
Ellie Roebuck,4637.0,Manchester City WFC,24,-4.2194359233030525
Ellie Roebuck,4637.0,Manchester City WFC,25,-4.282478904869053
Ellie Roebuck,4637.0,Manchester City WFC,26,-4.416407651066986
Ellie Roebuck,4637.0,Manchester City WFC,27,-4.5480250910182995
Ellie Roebuck,4637.0,Manchester City WFC,28,-4.714253356664036
Ellie Roebuck,4637.0,Manchester City WFC,29,-4.792858081815426
Ellie Roebuck,4637.0,Manchester City WFC,30,-5.087050053888924
Ellie Roebuck,4637.0,Manchester City WFC,31,-5.307647742871954
Ellie Roebuck,4637.0,Manchester City WFC,32,-5.308982596660067
Ellie Roebuck,4637.0,Manchester City WFC,33,-5.1272549419830185
Ellie Roebuck,4637.0,Manchester City WFC,34,-5.1272549419830185
Ellie Roebuck,4637.0,Manchester City WFC,35,-5.245882139486819
Ellie Roebuck,4637.0,Manchester City WFC,36,-5.434199984345993
Ellie Roebuck,4637.0,Manchester City WFC,37,-5.416602175586344
Ellie Roebuck,4637.0,Manchester City WFC,38,-5.604527227746816
Ellie Roebuck,4637.0,Manchester City WFC,39,-5.70956622993346
Ellie Roebuck,4637.0,Manchester City WFC,40,-5.70956622993346
Ellie Roebuck,4637.0,Manchester City WFC,41,-5.70956622993346
Ellie Roebuck,4637.0,Manchester City WFC,42,-5.777298541994062
Ellie Roebuck,4637.0,Manchester City WFC,43,-5.785626016964217
Ellie Roebuck,4637.0,Manchester City WFC,44,-6.242384438746511
Ellie Roebuck,4637.0,Manchester City WFC,45,-6.589683503841641
Ellie Roebuck,4637.0,Manchester City WFC,46,-6.664630949774612
Ellie Roebuck,4637.0,Manchester City WFC,47,-7.0285838623325905
Ellie Roebuck,4637.0,Manchester City WFC,48,-7.164432873033324
Ellie Roebuck,4637.0,Manchester City WFC,49,-7.300620923564952
Ellie Roebuck,4637.0,Manchester City WFC,50,-7.534742952597293
Ellie Roebuck,4637.0,Manchester City WFC,51,-7.534742952597293
Ellie Roebuck,4637.0,Manchester City WFC,52,-7.857362604244797
Ellie Roebuck,4637.0,Manchester City WFC,53,-7.9124387794305475
Ellie Roebuck,4637.0,Manchester City WFC,54,-8.01075075690328
Ellie Roebuck,4637.0,Manchester City WFC,55,-8.01075075690328
Ellie Roebuck,4637.0,Manchester City WFC,56,-8.303053338712981
Ellie Roebuck,4637.0,Manchester City WFC,57,-8.254202076016519
Ellie Roebuck,4637.0,Manchester City WFC,58,-8.254202076016519
Ellie Roebuck,4637.0,Manchester City WFC,59,-8.489193693457867
Ellie Roebuck,4637.0,Manchester City WFC,60,-8.377345894734505
Ellie Roebuck,4637.0,Manchester City WFC,61,-8.377345894734505
Ellie Roebuck,4637.0,Manchester City WFC,62,-8.682304620539458
Ellie Roebuck,4637.0,Manchester City WFC,63,-8.682304620539458
Ellie Roebuck,4637.0,Manchester City WFC,64,-8.791851775217284
Ellie Roebuck,4637.0,Manchester City WFC,65,-8.956852410536584
Ellie Roebuck,4637.0,Manchester City WFC,66,-9.005543232748506
Ellie Roebuck,4637.0,Manchester City WFC,67,-9.2671586634706
Ellie Roebuck,4637.0,Manchester City WFC,68,-9.538031717347232
Ellie Roebuck,4637.0,Manchester City WFC,69,-9.720160999530755
Ellie Roebuck,4637.0,Manchester City WFC,70,-9.852881884326402
Ellie Roebuck,4637.0,Manchester City WFC,71,-9.961154867328101
Ellie Roebuck,4637.0,Manchester City WFC,72,-10.006697123365797
Ellie Roebuck,4637.0,Manchester City WFC,73,-8.948780183399789
Ellie Roebuck,4637.0,Manchester City WFC,74,-8.948780183399789
Ellie Roebuck,4637.0,Manchester City WFC,75,-9.044498651641863
Ellie Roebuck,4637.0,Manchester City WFC,76,-9.39192100675067
Ellie Roebuck,4637.0,Manchester City WFC,77,-9.430650674107456
Ellie Roebuck,4637.0,Manchester City WFC,78,-9.544616490878127
Ellie Roebuck,4637.0,Manchester City WFC,79,-9.935367355041496
Ellie Roebuck,4637.0,Manchester City WFC,80,-10.233390913905344
Ellie Roebuck,4637.0,Manchester City WFC,81,-10.27607959685762
Ellie Roebuck,4637.0,Manchester City WFC,82,-10.494509747220956
Ellie Roebuck,4637.0,Manchester City WFC,83,-10.594526218938682
Ellie Roebuck,4637.0,Manchester City WFC,84,-10.587187520804672
Ellie Roebuck,4637.0,Manchester City WFC,85,-10.6778406125304
Ellie Roebuck,4637.0,Manchester City WFC,86,-10.835741034403494
Ellie Roebuck,4637.0,Manchester City WFC,87,-10.94125494273309
Ellie Roebuck,4637.0,Manchester City WFC,88,-11.274423151821365
Ellie Roebuck,4637.0,Manchester City WFC,89,-11.368339387039375
Ellie Roebuck,4637.0,Manchester City WFC,90,-11.556760070583113
Ellie Roebuck,4637.0,Manchester City WFC,91,-11.478016381984066
Ellie Roebuck,4637.0,Manchester City WFC,92,-11.573513542274423
Ellie Roebuck,4637.0,Manchester City WFC,93,-11.949309234850414
Ellie Roebuck,4637.0,Manchester City WFC,94,-12.069287024285437
Ellie Roebuck,4637.0,Manchester City WFC,95,-12.069287024285437
Ellie Roebuck,4637.0,Manchester City WFC,96,-12.228766909473212
Ellie Roebuck,4637.0,Manchester City WFC,97,-12.60907725379048
Ellie Roebuck,4637.0,Manchester City WFC,98,-15.987748095211332
Ellie Roebuck,4637.0,Manchester City WFC,99,-19.877358719638842
Ellie Roebuck,4637.0,Manchester City WFC,100,-19.877358719638842
Hayley Emma Raso,6818.0,Manchester City WFC,64,-0.1733837670227849
Hayley Emma Raso,6818.0,Manchester City WFC,65,-0.15804634746453894
Hayley Emma Raso,6818.0,Manchester City WFC,66,0.05229579869312451
Hayley Emma Raso,6818.0,Manchester City WFC,67,0.05229579869312451
Hayley Emma Raso,6818.0,Manchester City WFC,68,1.6826038374111005
Hayley Emma Raso,6818.0,Manchester City WFC,69,2.4525491563678115
Hayley Emma Raso,6818.0,Manchester City WFC,70,2.1639173039142374
Hayley Emma Raso,6818.0,Manchester City WFC,71,1.9145548987377996
Hayley Emma Raso,6818.0,Manchester City WFC,72,1.6538783527788934
Hayley Emma Raso,6818.0,Manchester City WFC,73,1.1427793343749046
Hayley Emma Raso,6818.0,Manchester City WFC,74,1.1427793343749046
Hayley Emma Raso,6818.0,Manchester City WFC,75,1.1427793343749046
Hayley Emma Raso,6818.0,Manchester City WFC,76,1.4943589951202443
Hayley Emma Raso,6818.0,Manchester City WFC,77,0.8281124347309587
Hayley Emma Raso,6818.0,Manchester City WFC,78,0.8281124347309587
Hayley Emma Raso,6818.0,Manchester City WFC,79,1.9079874963297434
Hayley Emma Raso,6818.0,Manchester City WFC,80,1.9079874963297434
Hayley Emma Raso,6818.0,Manchester City WFC,81,1.8078082709870582
Hayley Emma Raso,6818.0,Manchester City WFC,82,1.6328989538465688
Hayley Emma Raso,6818.0,Manchester City WFC,83,1.5054462973088456
Hayley Emma Raso,6818.0,Manchester City WFC,84,1.7164984914962713
Hayley Emma Raso,6818.0,Manchester City WFC,85,1.1002706774949997
Hayley Emma Raso,6818.0,Manchester City WFC,86,0.8645466243728965
Hayley Emma Raso,6818.0,Manchester City WFC,87,0.7923727430535255
Hayley Emma Raso,6818.0,Manchester City WFC,88,0.5392170578360194
Hayley Emma Raso,6818.0,Manchester City WFC,89,1.1435145517062333
Hayley Emma Raso,6818.0,Manchester City WFC,90,1.1435145517062333
Hayley Emma Raso,6818.0,Manchester City WFC,91,0.8191328190171948
Hayley Emma Raso,6818.0,Manchester City WFC,92,0.8124823732592182
Hayley Emma Raso,6818.0,Manchester City WFC,93,0.11687513528592341
Hayley Emma Raso,6818.0,Manchester City WFC,94,0.29169840386585344
Hayley Emma Raso,6818.0,Manchester City WFC,95,0.2537240574537143
Hayley Emma Raso,6818.0,Manchester City WFC,96,0.5374329307629939
Hayley Emma Raso,6818.0,Manchester City WFC,97,3.832248591819014
Hayley Emma Raso,6818.0,Manchester City WFC,98,5.9147239334392685
Hayley Emma Raso,6818.0,Manchester City WFC,99,7.31511824612851
Hayley Emma Raso,6818.0,Manchester City WFC,100,7.31511824612851
Ingrid Filippa Angeldal,62666.0,Manchester City WFC,3,1.0830489655737763
Ingrid Filippa Angeldal,62666.0,Manchester City WFC,4,0.9413824752838458
Ingrid Filippa Angeldal,62666.0,Manchester City WFC,5,-0.0432169957856825
Ingrid Filippa Angeldal,62666.0,Manchester City WFC,6,-0.24623969845828148
Ingrid Filippa Angeldal,62666.0,Manchester City WFC,7,-0.24623969845828148
Ingrid Filippa Angeldal,62666.0,Manchester City WFC,8,-0.6975193613556108
Ingrid Filippa Angeldal,62666.0,Manchester City WFC,9,1.229560663471545
Ingrid Filippa Angeldal,62666.0,Manchester City WFC,10,0.8526584449078323
Ingrid Filippa Angeldal,62666.0,Manchester City WFC,11,0.8526584449078323
Ingrid Filippa Angeldal,62666.0,Manchester City WFC,12,0.8526584449078323
Ingrid Filippa Angeldal,62666.0,Manchester City WFC,13,0.8526584449078323
Ingrid Filippa Angeldal,62666.0,Manchester City WFC,14,0.8526584449078323
Ingrid Filippa Angeldal,62666.0,Manchester City WFC,15,0.9498116600372993
Ingrid Filippa Angeldal,62666.0,Manchester City WFC,16,0.7752906982323957
Ingrid Filippa Angeldal,62666.0,Manchester City WFC,17,0.7752906982323957
Ingrid Filippa Angeldal,62666.0,Manchester City WFC,18,1.6537049874759797
Ingrid Filippa Angeldal,62666.0,Manchester City WFC,19,1.6537049874759797
Ingrid Filippa Angeldal,62666.0,Manchester City WFC,20,1.6537049874759797
Ingrid Filippa Angeldal,62666.0,Manchester City WFC,21,1.6537049874759797
Ingrid Filippa Angeldal,62666.0,Manchester City WFC,22,1.610014679196496
Ingrid Filippa Angeldal,62666.0,Manchester City WFC,23,1.610014679196496
Ingrid Filippa Angeldal,62666.0,Manchester City WFC,24,1.610014679196496
Ingrid Filippa Angeldal,62666.0,Manchester City WFC,25,1.610014679196496
Ingrid Filippa Angeldal,62666.0,Manchester City WFC,26,0.7360770364972803
Ingrid Filippa Angeldal,62666.0,Manchester City WFC,27,0.7360770364972803
Ingrid Filippa Angeldal,62666.0,Manchester City WFC,28,0.7360770364972803
Ingrid Filippa Angeldal,62666.0,Manchester City WFC,29,2.244636646301202
Ingrid Filippa Angeldal,62666.0,Manchester City WFC,30,2.244636646301202
Ingrid Filippa Angeldal,62666.0,Manchester City WFC,31,2.244636646301202
Ingrid Filippa Angeldal,62666.0,Manchester City WFC,32,2.244636646301202
Ingrid Filippa Angeldal,62666.0,Manchester City WFC,33,2.244636646301202
Ingrid Filippa Angeldal,62666.0,Manchester City WFC,34,2.180816734701516
Ingrid Filippa Angeldal,62666.0,Manchester City WFC,35,1.2173396059923356
Ingrid Filippa Angeldal,62666.0,Manchester City WFC,36,1.1119173289808812
Ingrid Filippa Angeldal,62666.0,Manchester City WFC,37,1.1321179731400701
Ingrid Filippa Angeldal,62666.0,Manchester City WFC,38,1.4339530644222571
Ingrid Filippa Angeldal,62666.0,Manchester City WFC,39,1.4339530644222571
Ingrid Filippa Angeldal,62666.0,Manchester City WFC,40,1.04419065545591
Ingrid Filippa Angeldal,62666.0,Manchester City WFC,41,1.7196115390620188
Ingrid Filippa Angeldal,62666.0,Manchester City WFC,42,1.7196115390620188
Ingrid Filippa Angeldal,62666.0,Manchester City WFC,43,2.805259343134402
Ingrid Filippa Angeldal,62666.0,Manchester City WFC,44,2.805259343134402
Ingrid Filippa Angeldal,62666.0,Manchester City WFC,45,2.805259343134402
Ingrid Filippa Angeldal,62666.0,Manchester City WFC,46,2.805259343134402
Ingrid Filippa Angeldal,62666.0,Manchester City WFC,47,2.805259343134402
Ingrid Filippa Angeldal,62666.0,Manchester City WFC,48,1.1621049891673265
Ingrid Filippa Angeldal,62666.0,Manchester City WFC,49,1.1320130022781696
Ingrid Filippa Angeldal,62666.0,Manchester City WFC,50,0.952624650523779
Ingrid Filippa Angeldal,62666.0,Manchester City WFC,51,0.5228314713128666
Ingrid Filippa Angeldal,62666.0,Manchester City WFC,52,0.5228314713128666
Ingrid Filippa Angeldal,62666.0,Manchester City WFC,53,0.5228314713128666
Ingrid Filippa Angeldal,62666.0,Manchester City WFC,54,0.5228314713128666
Ingrid Filippa Angeldal,62666.0,Manchester City WFC,55,0.3248657776305593
Ingrid Filippa Angeldal,62666.0,Manchester City WFC,56,0.4288980601245623
Ingrid Filippa Angeldal,62666.0,Manchester City WFC,57,0.007429577566304246
Ingrid Filippa Angeldal,62666.0,Manchester City WFC,58,-0.44353314071635797
Ingrid Filippa Angeldal,62666.0,Manchester City WFC,59,-0.5606653040676373
Ingrid Filippa Angeldal,62666.0,Manchester City WFC,60,-0.7857023087110173
Ingrid Filippa Angeldal,62666.0,Manchester City WFC,61,-0.7857023087110173
Ingrid Filippa Angeldal,62666.0,Manchester City WFC,62,-1.1037330605169526
Ingrid Filippa Angeldal,62666.0,Manchester City WFC,63,-1.1037330605169526
Ingrid Filippa Angeldal,62666.0,Manchester City WFC,64,0.059628832031401346
Ingrid Filippa Angeldal,62666.0,Manchester City WFC,65,-0.08968017947030715
Ingrid Filippa Angeldal,62666.0,Manchester City WFC,66,0.03671944050416102
Ingrid Filippa Angeldal,62666.0,Manchester City WFC,67,-0.32896626023746783
Ingrid Filippa Angeldal,62666.0,Manchester City WFC,68,-0.6345410212635948
Ingrid Filippa Angeldal,62666.0,Manchester City WFC,69,-0.8501042500749331
Ingrid Filippa Angeldal,62666.0,Manchester City WFC,70,-1.1856613944000296
Ingrid Filippa Angeldal,62666.0,Manchester City WFC,71,-1.439150308420486
Ingrid Filippa Angeldal,62666.0,Manchester City WFC,72,-0.8629045764337663
Ingrid Filippa Angeldal,62666.0,Manchester City WFC,73,0.39096714062794113
Ingrid Filippa Angeldal,62666.0,Manchester City WFC,74,0.31197434209426184
Ingrid Filippa Angeldal,62666.0,Manchester City WFC,75,0.1832130941535525
Ingrid Filippa Angeldal,62666.0,Manchester City WFC,76,0.1832130941535525
Ingrid Filippa Angeldal,62666.0,Manchester City WFC,77,-0.060801419911010214
Ingrid Filippa Angeldal,62666.0,Manchester City WFC,78,-0.060801419911010214
Ingrid Filippa Angeldal,62666.0,Manchester City WFC,79,-0.060801419911010214
Ingrid Filippa Angeldal,62666.0,Manchester City WFC,80,-0.060801419911010214
Ingrid Filippa Angeldal,62666.0,Manchester City WFC,81,0.32743768118202254
Ingrid Filippa Angeldal,62666.0,Manchester City WFC,82,0.19469733066272
Ingrid Filippa Angeldal,62666.0,Manchester City WFC,83,0.45389438987192676
Ingrid Filippa Angeldal,62666.0,Manchester City WFC,84,0.9045517659639298
Ingrid Filippa Angeldal,62666.0,Manchester City WFC,85,-0.35849652233131496
Ingrid Filippa Angeldal,62666.0,Manchester City WFC,86,-0.40578011955440363
Ingrid Filippa Angeldal,62666.0,Manchester City WFC,87,-0.40578011955440363
Ingrid Filippa Angeldal,62666.0,Manchester City WFC,88,-0.6645311906862734
Ingrid Filippa Angeldal,62666.0,Manchester City WFC,89,-1.062260868328356
Ingrid Filippa Angeldal,62666.0,Manchester City WFC,90,-1.1217090786985375
Ingrid Filippa Angeldal,62666.0,Manchester City WFC,91,-1.0448386157973757
Ingrid Filippa Angeldal,62666.0,Manchester City WFC,92,-1.1256219082326901
Ingrid Filippa Angeldal,62666.0,Manchester City WFC,93,-1.10680039900787
Ingrid Filippa Angeldal,62666.0,Manchester City WFC,94,-1.417700672244006
Ingrid Filippa Angeldal,62666.0,Manchester City WFC,95,-1.417700672244006
Ingrid Filippa Angeldal,62666.0,Manchester City WFC,96,-1.3553604774662338
Ingrid Filippa Angeldal,62666.0,Manchester City WFC,97,-0.5032342070315413
Ingrid Filippa Angeldal,62666.0,Manchester City WFC,98,-0.9003919344457897
Ingrid Filippa Angeldal,62666.0,Manchester City WFC,99,-2.5942193772821494
Ingrid Filippa Angeldal,62666.0,Manchester City WFC,100,-2.5942193772821494
Kerstin Yasmijn Casparij,221888.0,Manchester City WFC,3,-0.9866391169316006
Kerstin Yasmijn Casparij,221888.0,Manchester City WFC,4,-1.390812791880199
Kerstin Yasmijn Casparij,221888.0,Manchester City WFC,5,-1.6288681156648623
Kerstin Yasmijn Casparij,221888.0,Manchester City WFC,6,-1.6288681156648623
Kerstin Yasmijn Casparij,221888.0,Manchester City WFC,7,-1.4605853913213247
Kerstin Yasmijn Casparij,221888.0,Manchester City WFC,8,-1.6579917274200957
Kerstin Yasmijn Casparij,221888.0,Manchester City WFC,9,-1.8004218661102527
Kerstin Yasmijn Casparij,221888.0,Manchester City WFC,10,-1.8004218661102527
Kerstin Yasmijn Casparij,221888.0,Manchester City WFC,11,-2.0746720733631903
Kerstin Yasmijn Casparij,221888.0,Manchester City WFC,12,-2.0746720733631903
Kerstin Yasmijn Casparij,221888.0,Manchester City WFC,13,-1.9335633340792038
Kerstin Yasmijn Casparij,221888.0,Manchester City WFC,14,-3.2721492591408623
Kerstin Yasmijn Casparij,221888.0,Manchester City WFC,15,-3.485703572240714
Kerstin Yasmijn Casparij,221888.0,Manchester City WFC,16,-3.844391270999825
Kerstin Yasmijn Casparij,221888.0,Manchester City WFC,17,-3.5389183739863745
Kerstin Yasmijn Casparij,221888.0,Manchester City WFC,18,-3.62005070235881
Kerstin Yasmijn Casparij,221888.0,Manchester City WFC,19,-5.003628149992561
Kerstin Yasmijn Casparij,221888.0,Manchester City WFC,20,-4.911883854236393
Kerstin Yasmijn Casparij,221888.0,Manchester City WFC,21,-5.345302107528455
Kerstin Yasmijn Casparij,221888.0,Manchester City WFC,22,-5.483742725313456
Kerstin Yasmijn Casparij,221888.0,Manchester City WFC,23,-5.655547078281494
Kerstin Yasmijn Casparij,221888.0,Manchester City WFC,24,-5.655547078281494
Kerstin Yasmijn Casparij,221888.0,Manchester City WFC,25,-5.343233749260725
Kerstin Yasmijn Casparij,221888.0,Manchester City WFC,26,-5.379470572396244
Kerstin Yasmijn Casparij,221888.0,Manchester City WFC,27,-5.565258572631099
Kerstin Yasmijn Casparij,221888.0,Manchester City WFC,28,-5.320432975171389
Kerstin Yasmijn Casparij,221888.0,Manchester City WFC,29,-5.521785677228358
Kerstin Yasmijn Casparij,221888.0,Manchester City WFC,30,-5.552311216301397
Kerstin Yasmijn Casparij,221888.0,Manchester City WFC,31,-6.019024686895695
Kerstin Yasmijn Casparij,221888.0,Manchester City WFC,32,-6.364364073267969
Kerstin Yasmijn Casparij,221888.0,Manchester City WFC,33,-6.553913651617883
Kerstin Yasmijn Casparij,221888.0,Manchester City WFC,34,-6.892497501504394
Kerstin Yasmijn Casparij,221888.0,Manchester City WFC,35,-6.883816398685133
Kerstin Yasmijn Casparij,221888.0,Manchester City WFC,36,-7.260189587074232
Kerstin Yasmijn Casparij,221888.0,Manchester City WFC,37,-7.539042525587391
Kerstin Yasmijn Casparij,221888.0,Manchester City WFC,38,-7.70609143805526
Kerstin Yasmijn Casparij,221888.0,Manchester City WFC,39,-7.974855969374438
Kerstin Yasmijn Casparij,221888.0,Manchester City WFC,40,-8.407573319850714
Kerstin Yasmijn Casparij,221888.0,Manchester City WFC,41,-8.701117886067761
Kerstin Yasmijn Casparij,221888.0,Manchester City WFC,42,-8.930782564940985
Kerstin Yasmijn Casparij,221888.0,Manchester City WFC,43,-10.337819759345676
Kerstin Yasmijn Casparij,221888.0,Manchester City WFC,44,-10.64284333747573
Kerstin Yasmijn Casparij,221888.0,Manchester City WFC,45,-10.941987365417356
Kerstin Yasmijn Casparij,221888.0,Manchester City WFC,46,-11.17739243998914
Kerstin Yasmijn Casparij,221888.0,Manchester City WFC,47,-11.042061551976504
Kerstin Yasmijn Casparij,221888.0,Manchester City WFC,48,-11.188894865254511
Kerstin Yasmijn Casparij,221888.0,Manchester City WFC,49,-10.7796820167412
Kerstin Yasmijn Casparij,221888.0,Manchester City WFC,50,-8.25855847775663
Kerstin Yasmijn Casparij,221888.0,Manchester City WFC,51,-8.33439772543804
Kerstin Yasmijn Casparij,221888.0,Manchester City WFC,52,-8.278710243175695
Kerstin Yasmijn Casparij,221888.0,Manchester City WFC,53,-8.555160897737636
Kerstin Yasmijn Casparij,221888.0,Manchester City WFC,54,-8.537891916573312
Kerstin Yasmijn Casparij,221888.0,Manchester City WFC,55,-8.761465077632668
Kerstin Yasmijn Casparij,221888.0,Manchester City WFC,56,-9.332004740597975
Kerstin Yasmijn Casparij,221888.0,Manchester City WFC,57,-9.3941645833352
Kerstin Yasmijn Casparij,221888.0,Manchester City WFC,58,-9.73236770689712
Kerstin Yasmijn Casparij,221888.0,Manchester City WFC,59,-10.163141161802763
Kerstin Yasmijn Casparij,221888.0,Manchester City WFC,60,-9.880398283170607
Kerstin Yasmijn Casparij,221888.0,Manchester City WFC,61,-8.899715936840876
Kerstin Yasmijn Casparij,221888.0,Manchester City WFC,62,-8.98880627763184
Kerstin Yasmijn Casparij,221888.0,Manchester City WFC,63,-8.9142575280998
Kerstin Yasmijn Casparij,221888.0,Manchester City WFC,64,-8.9142575280998
Kerstin Yasmijn Casparij,221888.0,Manchester City WFC,65,-9.286290328730063
Kerstin Yasmijn Casparij,221888.0,Manchester City WFC,66,-9.438385268791588
Kerstin Yasmijn Casparij,221888.0,Manchester City WFC,67,-9.415373190155098
Kerstin Yasmijn Casparij,221888.0,Manchester City WFC,68,-9.341601799526735
Kerstin Yasmijn Casparij,221888.0,Manchester City WFC,69,-9.428843702583878
Kerstin Yasmijn Casparij,221888.0,Manchester City WFC,70,-9.428843702583878
Kerstin Yasmijn Casparij,221888.0,Manchester City WFC,71,-9.502136063752959
Kerstin Yasmijn Casparij,221888.0,Manchester City WFC,72,-9.502136063752959
Kerstin Yasmijn Casparij,221888.0,Manchester City WFC,73,-9.502136063752959
Kerstin Yasmijn Casparij,221888.0,Manchester City WFC,74,-9.502136063752959
Kerstin Yasmijn Casparij,221888.0,Manchester City WFC,75,-9.766132980714799
Kerstin Yasmijn Casparij,221888.0,Manchester City WFC,76,-10.034962506229732
Kerstin Yasmijn Casparij,221888.0,Manchester City WFC,77,-10.187793345183383
Kerstin Yasmijn Casparij,221888.0,Manchester City WFC,78,-10.187793345183383
Kerstin Yasmijn Casparij,221888.0,Manchester City WFC,79,-9.225020695986448
Kerstin Yasmijn Casparij,221888.0,Manchester City WFC,80,-8.95467358732789
Kerstin Yasmijn Casparij,221888.0,Manchester City WFC,81,-9.74484618453288
Kerstin Yasmijn Casparij,221888.0,Manchester City WFC,82,-9.809727520878702
Kerstin Yasmijn Casparij,221888.0,Manchester City WFC,83,-9.809727520878702
Kerstin Yasmijn Casparij,221888.0,Manchester City WFC,84,-9.809727520878702
Kerstin Yasmijn Casparij,221888.0,Manchester City WFC,85,-9.867701846026932
Kerstin Yasmijn Casparij,221888.0,Manchester City WFC,86,-10.183123231886448
Kerstin Yasmijn Casparij,221888.0,Manchester City WFC,87,-10.245336812756017
Kerstin Yasmijn Casparij,221888.0,Manchester City WFC,88,-8.595193436116562
Kerstin Yasmijn Casparij,221888.0,Manchester City WFC,89,-8.746248400383514
Kerstin Yasmijn Casparij,221888.0,Manchester City WFC,90,-8.80210458494187
Kerstin Yasmijn Casparij,221888.0,Manchester City WFC,91,-8.868427453887195
Kerstin Yasmijn Casparij,221888.0,Manchester City WFC,92,-8.97855093317997
Kerstin Yasmijn Casparij,221888.0,Manchester City WFC,93,-8.923145129219161
Kerstin Yasmijn Casparij,221888.0,Manchester City WFC,94,-5.850836350835133
Kerstin Yasmijn Casparij,221888.0,Manchester City WFC,95,-5.888997515593222
Kerstin Yasmijn Casparij,221888.0,Manchester City WFC,96,-5.845900494776619
Kerstin Yasmijn Casparij,221888.0,Manchester City WFC,97,-5.939141018042222
Kerstin Yasmijn Casparij,221888.0,Manchester City WFC,98,-17.4914253634795
Kerstin Yasmijn Casparij,221888.0,Manchester City WFC,99,-18.40463404917276
Kerstin Yasmijn Casparij,221888.0,Manchester City WFC,100,-18.40463404917276
Khadija Monifa Shaw,25554.0,Manchester City WFC,3,0.18416450549188668
Khadija Monifa Shaw,25554.0,Manchester City WFC,4,-0.037797480594742305
Khadija Monifa Shaw,25554.0,Manchester City WFC,5,0.517435252558845
Khadija Monifa Shaw,25554.0,Manchester City WFC,6,0.5032475893846965
Khadija Monifa Shaw,25554.0,Manchester City WFC,7,0.5032475893846965
Khadija Monifa Shaw,25554.0,Manchester City WFC,8,0.30596307524476635
Khadija Monifa Shaw,25554.0,Manchester City WFC,9,0.21443819257392746
Khadija Monifa Shaw,25554.0,Manchester City WFC,10,0.2589368579796133
Khadija Monifa Shaw,25554.0,Manchester City WFC,11,0.12485682434809853
Khadija Monifa Shaw,25554.0,Manchester City WFC,12,0.0650113293142585
Khadija Monifa Shaw,25554.0,Manchester City WFC,13,-0.0024290249087243867
Khadija Monifa Shaw,25554.0,Manchester City WFC,14,0.6229013210392949
Khadija Monifa Shaw,25554.0,Manchester City WFC,15,0.7563263493184593
Khadija Monifa Shaw,25554.0,Manchester City WFC,16,1.2994936348267099
Khadija Monifa Shaw,25554.0,Manchester City WFC,17,1.220588131577669
Khadija Monifa Shaw,25554.0,Manchester City WFC,18,1.1883867099406562
Khadija Monifa Shaw,25554.0,Manchester City WFC,19,1.7420705947105184
Khadija Monifa Shaw,25554.0,Manchester City WFC,20,1.5725100573863302
Khadija Monifa Shaw,25554.0,Manchester City WFC,21,1.4308585626042627
Khadija Monifa Shaw,25554.0,Manchester City WFC,22,1.4308585626042627
Khadija Monifa Shaw,25554.0,Manchester City WFC,23,1.3704413450957513
Khadija Monifa Shaw,25554.0,Manchester City WFC,24,2.296737159829365
Khadija Monifa Shaw,25554.0,Manchester City WFC,25,2.4544050113471947
Khadija Monifa Shaw,25554.0,Manchester City WFC,26,2.308426440756391
Khadija Monifa Shaw,25554.0,Manchester City WFC,27,2.3183041056896823
Khadija Monifa Shaw,25554.0,Manchester City WFC,28,2.7232396244211357
Khadija Monifa Shaw,25554.0,Manchester City WFC,29,2.7232396244211357
Khadija Monifa Shaw,25554.0,Manchester City WFC,30,2.4659134052299487
Khadija Monifa Shaw,25554.0,Manchester City WFC,31,2.494305497952819
Khadija Monifa Shaw,25554.0,Manchester City WFC,32,2.273668710238325
Khadija Monifa Shaw,25554.0,Manchester City WFC,33,2.4798281565026365
Khadija Monifa Shaw,25554.0,Manchester City WFC,34,3.843446045544442
Khadija Monifa Shaw,25554.0,Manchester City WFC,35,3.661725751015532
Khadija Monifa Shaw,25554.0,Manchester City WFC,36,3.6623426518468163
Khadija Monifa Shaw,25554.0,Manchester City WFC,37,3.6623426518468163
Khadija Monifa Shaw,25554.0,Manchester City WFC,38,3.646262231956686
Khadija Monifa Shaw,25554.0,Manchester City WFC,39,4.371441738734732
Khadija Monifa Shaw,25554.0,Manchester City WFC,40,4.327458892686488
Khadija Monifa Shaw,25554.0,Manchester City WFC,41,4.944475850459087
Khadija Monifa Shaw,25554.0,Manchester City WFC,42,4.911916557011746
Khadija Monifa Shaw,25554.0,Manchester City WFC,43,4.911916557011746
Khadija Monifa Shaw,25554.0,Manchester City WFC,44,4.911916557011746
Khadija Monifa Shaw,25554.0,Manchester City WFC,45,5.05902624402056
Khadija Monifa Shaw,25554.0,Manchester City WFC,46,4.531479186985419
Khadija Monifa Shaw,25554.0,Manchester City WFC,47,5.461069096896459
Khadija Monifa Shaw,25554.0,Manchester City WFC,48,5.55311356684289
Khadija Monifa Shaw,25554.0,Manchester City WFC,49,5.043350716370112
Khadija Monifa Shaw,25554.0,Manchester City WFC,50,5.028784645558554
Khadija Monifa Shaw,25554.0,Manchester City WFC,51,5.653030748233089
Khadija Monifa Shaw,25554.0,Manchester City WFC,52,6.101928379072714
Khadija Monifa Shaw,25554.0,Manchester City WFC,53,6.136170748286513
Khadija Monifa Shaw,25554.0,Manchester City WFC,54,6.22521804473806
Khadija Monifa Shaw,25554.0,Manchester City WFC,55,5.972366709053114
Khadija Monifa Shaw,25554.0,Manchester City WFC,56,5.846421047648548
Khadija Monifa Shaw,25554.0,Manchester City WFC,57,5.416705973361315
Khadija Monifa Shaw,25554.0,Manchester City WFC,58,6.728385479645631
Khadija Monifa Shaw,25554.0,Manchester City WFC,59,6.728385479645631
Khadija Monifa Shaw,25554.0,Manchester City WFC,60,8.565308494841696
Khadija Monifa Shaw,25554.0,Manchester City WFC,61,8.63022553982314
Khadija Monifa Shaw,25554.0,Manchester City WFC,62,8.465893932406566
Khadija Monifa Shaw,25554.0,Manchester City WFC,63,8.551854924066207
Khadija Monifa Shaw,25554.0,Manchester City WFC,64,8.466121390357046
Khadija Monifa Shaw,25554.0,Manchester City WFC,65,8.35978187264808
Khadija Monifa Shaw,25554.0,Manchester City WFC,66,8.404772712595198
Khadija Monifa Shaw,25554.0,Manchester City WFC,67,8.330081142885373
Khadija Monifa Shaw,25554.0,Manchester City WFC,68,8.39010827706866
Khadija Monifa Shaw,25554.0,Manchester City WFC,69,8.664145385267597
Khadija Monifa Shaw,25554.0,Manchester City WFC,70,8.664145385267597
Khadija Monifa Shaw,25554.0,Manchester City WFC,71,8.769373286783772
Khadija Monifa Shaw,25554.0,Manchester City WFC,72,8.564011603967293
Khadija Monifa Shaw,25554.0,Manchester City WFC,73,8.285420108397979
Khadija Monifa Shaw,25554.0,Manchester City WFC,74,8.534523005961526
Khadija Monifa Shaw,25554.0,Manchester City WFC,75,8.725597397385007
Khadija Monifa Shaw,25554.0,Manchester City WFC,76,9.00987700086777
Khadija Monifa Shaw,25554.0,Manchester City WFC,77,9.034662437584108
Khadija Monifa Shaw,25554.0,Manchester City WFC,78,9.093579409009987
Khadija Monifa Shaw,25554.0,Manchester City WFC,79,9.878746814035193
Khadija Monifa Shaw,25554.0,Manchester City WFC,80,9.878746814035193
Khadija Monifa Shaw,25554.0,Manchester City WFC,81,9.725748258362469
Khadija Monifa Shaw,25554.0,Manchester City WFC,82,10.314114776066859
Khadija Monifa Shaw,25554.0,Manchester City WFC,83,10.314114776066859
Khadija Monifa Shaw,25554.0,Manchester City WFC,84,6.732742952108021
Khadija Monifa Shaw,25554.0,Manchester City WFC,85,7.462138993623263
Khadija Monifa Shaw,25554.0,Manchester City WFC,86,7.462138993623263
Khadija Monifa Shaw,25554.0,Manchester City WFC,87,7.281871521236478
Khadija Monifa Shaw,25554.0,Manchester City WFC,88,7.281871521236478
Khadija Monifa Shaw,25554.0,Manchester City WFC,89,7.281871521236478
Khadija Monifa Shaw,25554.0,Manchester City WFC,90,7.295587829870181
Khadija Monifa Shaw,25554.0,Manchester City WFC,91,7.284804421716247
Khadija Monifa Shaw,25554.0,Manchester City WFC,92,7.284804421716247
Khadija Monifa Shaw,25554.0,Manchester City WFC,93,7.245529682514271
Khadija Monifa Shaw,25554.0,Manchester City WFC,94,7.245529682514271
Khadija Monifa Shaw,25554.0,Manchester City WFC,95,8.942638119888986
Khadija Monifa Shaw,25554.0,Manchester City WFC,96,8.853500080053276
Khadija Monifa Shaw,25554.0,Manchester City WFC,97,-0.3024356734976295
Khadija Monifa Shaw,25554.0,Manchester City WFC,98,-6.6204705604448115
Khadija Monifa Shaw,25554.0,Manchester City WFC,99,-20.139777434355132
Khadija Monifa Shaw,25554.0,Manchester City WFC,100,-20.139777434355132
Laia Aleixandri López,32210.0,Manchester City WFC,3,-1.214306346810286
Laia Aleixandri López,32210.0,Manchester City WFC,4,-1.8544989829961929
Laia Aleixandri López,32210.0,Manchester City WFC,5,-1.761565764706736
Laia Aleixandri López,32210.0,Manchester City WFC,6,-1.8635252223952024
Laia Aleixandri López,32210.0,Manchester City WFC,7,-2.0702608737903327
Laia Aleixandri López,32210.0,Manchester City WFC,8,-2.1595597244925235
Laia Aleixandri López,32210.0,Manchester City WFC,9,-2.180479610578113
Laia Aleixandri López,32210.0,Manchester City WFC,10,-2.3365563145957324
Laia Aleixandri López,32210.0,Manchester City WFC,11,-2.8840104248648686
Laia Aleixandri López,32210.0,Manchester City WFC,12,-3.0463818144692283
Laia Aleixandri López,32210.0,Manchester City WFC,13,-2.9130129230112365
Laia Aleixandri López,32210.0,Manchester City WFC,14,-3.2651264765155323
Laia Aleixandri López,32210.0,Manchester City WFC,15,-3.4128767672537204
Laia Aleixandri López,32210.0,Manchester City WFC,16,-3.521116797008183
Laia Aleixandri López,32210.0,Manchester City WFC,17,-3.4630358759631896
Laia Aleixandri López,32210.0,Manchester City WFC,18,-3.517087477284654
Laia Aleixandri López,32210.0,Manchester City WFC,19,-3.4576518637745957
Laia Aleixandri López,32210.0,Manchester City WFC,20,-3.6610309518044035
Laia Aleixandri López,32210.0,Manchester City WFC,21,-4.111828643508571
Laia Aleixandri López,32210.0,Manchester City WFC,22,-4.19586918437782
Laia Aleixandri López,32210.0,Manchester City WFC,23,-3.978808926584051
Laia Aleixandri López,32210.0,Manchester City WFC,24,-4.018833107235504
Laia Aleixandri López,32210.0,Manchester City WFC,25,-4.070374856803856
Laia Aleixandri López,32210.0,Manchester City WFC,26,-4.39623020082275
Laia Aleixandri López,32210.0,Manchester City WFC,27,-4.509792102622303
Laia Aleixandri López,32210.0,Manchester City WFC,28,-4.599156919964405
Laia Aleixandri López,32210.0,Manchester City WFC,29,-4.726040628823279
Laia Aleixandri López,32210.0,Manchester City WFC,30,-4.883862413595832
Laia Aleixandri López,32210.0,Manchester City WFC,31,-5.175861026535241
Laia Aleixandri López,32210.0,Manchester City WFC,32,-5.4811011478323
Laia Aleixandri López,32210.0,Manchester City WFC,33,-5.861050362013533
Laia Aleixandri López,32210.0,Manchester City WFC,34,-6.102792764172619
Laia Aleixandri López,32210.0,Manchester City WFC,35,-6.253422350084678
Laia Aleixandri López,32210.0,Manchester City WFC,36,-6.953909145128707
Laia Aleixandri López,32210.0,Manchester City WFC,37,-7.173041743326584
Laia Aleixandri López,32210.0,Manchester City WFC,38,-7.417792870626825
Laia Aleixandri López,32210.0,Manchester City WFC,39,-7.765716413453545
Laia Aleixandri López,32210.0,Manchester City WFC,40,-8.275873062518134
Laia Aleixandri López,32210.0,Manchester City WFC,41,-8.45215856445952
Laia Aleixandri López,32210.0,Manchester City WFC,42,-8.479298872945943
Laia Aleixandri López,32210.0,Manchester City WFC,43,-8.685489451715874
Laia Aleixandri López,32210.0,Manchester City WFC,44,-9.108380044231955
Laia Aleixandri López,32210.0,Manchester City WFC,45,-9.313010986285988
Laia Aleixandri López,32210.0,Manchester City WFC,46,-9.420490104285179
Laia Aleixandri López,32210.0,Manchester City WFC,47,-9.613860432394759
Laia Aleixandri López,32210.0,Manchester City WFC,48,-9.992695048850603
Laia Aleixandri López,32210.0,Manchester City WFC,49,-9.692271658088158
Laia Aleixandri López,32210.0,Manchester City WFC,50,-9.742267191588569
Laia Aleixandri López,32210.0,Manchester City WFC,51,-9.59058503696335
Laia Aleixandri López,32210.0,Manchester City WFC,52,-9.676307502709683
Laia Aleixandri López,32210.0,Manchester City WFC,53,-9.805117274768767
Laia Aleixandri López,32210.0,Manchester City WFC,54,-9.724815053880384
Laia Aleixandri López,32210.0,Manchester City WFC,55,-10.051957480291556
Laia Aleixandri López,32210.0,Manchester City WFC,56,-10.359083568626904
Laia Aleixandri López,32210.0,Manchester City WFC,57,-10.597097607998524
Laia Aleixandri López,32210.0,Manchester City WFC,58,-10.808210562066105
Laia Aleixandri López,32210.0,Manchester City WFC,59,-11.26874396677348
Laia Aleixandri López,32210.0,Manchester City WFC,60,-11.516803102432856
Laia Aleixandri López,32210.0,Manchester City WFC,61,-11.639650035372677
Laia Aleixandri López,32210.0,Manchester City WFC,62,-11.838072153752355
Laia Aleixandri López,32210.0,Manchester City WFC,63,-12.188866351396324
Laia Aleixandri López,32210.0,Manchester City WFC,64,-12.30239438421774
Laia Aleixandri López,32210.0,Manchester City WFC,65,-12.273653323925501
Laia Aleixandri López,32210.0,Manchester City WFC,66,-11.977312824199945
Laia Aleixandri López,32210.0,Manchester City WFC,67,-12.064110368186148
Laia Aleixandri López,32210.0,Manchester City WFC,68,-12.024766108416056
Laia Aleixandri López,32210.0,Manchester City WFC,69,-12.140410064168245
Laia Aleixandri López,32210.0,Manchester City WFC,70,-12.312422737486612
Laia Aleixandri López,32210.0,Manchester City WFC,71,-12.18134636270827
Laia Aleixandri López,32210.0,Manchester City WFC,72,-12.816342217419454
Laia Aleixandri López,32210.0,Manchester City WFC,73,-13.060428565955043
Laia Aleixandri López,32210.0,Manchester City WFC,74,-13.060428565955043
Laia Aleixandri López,32210.0,Manchester City WFC,75,-13.306581400619626
Laia Aleixandri López,32210.0,Manchester City WFC,76,-13.460855972129501
Laia Aleixandri López,32210.0,Manchester City WFC,77,-13.53191952339543
Laia Aleixandri López,32210.0,Manchester City WFC,78,-13.649877852452036
Laia Aleixandri López,32210.0,Manchester City WFC,79,-13.750467712951753
Laia Aleixandri López,32210.0,Manchester City WFC,80,-13.793068916301273
Laia Aleixandri López,32210.0,Manchester City WFC,81,-13.927185373078574
Laia Aleixandri López,32210.0,Manchester City WFC,82,-14.040644346048214
Laia Aleixandri López,32210.0,Manchester City WFC,83,-14.130016902714189
Laia Aleixandri López,32210.0,Manchester City WFC,84,-14.125120028523522
Laia Aleixandri López,32210.0,Manchester City WFC,85,-14.168157813225754
Laia Aleixandri López,32210.0,Manchester City WFC,86,-14.306032684363455
Laia Aleixandri López,32210.0,Manchester City WFC,87,-14.472168148875905
Laia Aleixandri López,32210.0,Manchester City WFC,88,-14.505040662589554
Laia Aleixandri López,32210.0,Manchester City WFC,89,-14.754070801350954
Laia Aleixandri López,32210.0,Manchester City WFC,90,-14.697577751745044
Laia Aleixandri López,32210.0,Manchester City WFC,91,-14.763371197364183
Laia Aleixandri López,32210.0,Manchester City WFC,92,-15.122685384602772
Laia Aleixandri López,32210.0,Manchester City WFC,93,-15.329157268748007
Laia Aleixandri López,32210.0,Manchester City WFC,94,-15.443053267983213
Laia Aleixandri López,32210.0,Manchester City WFC,95,-15.38863648454511
Laia Aleixandri López,32210.0,Manchester City WFC,96,-15.530782160298596
Laia Aleixandri López,32210.0,Manchester City WFC,97,-15.48777518027176
Laia Aleixandri López,32210.0,Manchester City WFC,98,-16.436051137939003
Laia Aleixandri López,32210.0,Manchester City WFC,99,-16.01376945934991
Laia Aleixandri López,32210.0,Manchester City WFC,100,-16.01376945934991
Laura Coombs,19416.0,Manchester City WFC,3,-0.9597919465599682
Laura Coombs,19416.0,Manchester City WFC,4,-1.1466364522371855
Laura Coombs,19416.0,Manchester City WFC,5,-0.9722029396153058
Laura Coombs,19416.0,Manchester City WFC,6,-0.94728169502008
Laura Coombs,19416.0,Manchester City WFC,7,-0.5398278972825117
Laura Coombs,19416.0,Manchester City WFC,8,-0.7051514574608342
Laura Coombs,19416.0,Manchester City WFC,9,-0.6873694732808449
Laura Coombs,19416.0,Manchester City WFC,10,-0.9532648947254764
Laura Coombs,19416.0,Manchester City WFC,11,-1.252015380172147
Laura Coombs,19416.0,Manchester City WFC,12,-1.5797850281552506
Laura Coombs,19416.0,Manchester City WFC,13,-1.4409001523748273
Laura Coombs,19416.0,Manchester City WFC,14,-1.553912772787284
Laura Coombs,19416.0,Manchester City WFC,15,-1.5392853065224703
Laura Coombs,19416.0,Manchester City WFC,16,-1.8059765743371208
Laura Coombs,19416.0,Manchester City WFC,17,-1.8059765743371208
Laura Coombs,19416.0,Manchester City WFC,18,-1.9442450183723476
Laura Coombs,19416.0,Manchester City WFC,19,-1.5437533448773033
Laura Coombs,19416.0,Manchester City WFC,20,-1.786710808145061
Laura Coombs,19416.0,Manchester City WFC,21,-1.8753180936614307
Laura Coombs,19416.0,Manchester City WFC,22,-2.194535860984945
Laura Coombs,19416.0,Manchester City WFC,23,-2.2860089546129094
Laura Coombs,19416.0,Manchester City WFC,24,-2.0103929722569025
Laura Coombs,19416.0,Manchester City WFC,25,-2.3995448830078923
Laura Coombs,19416.0,Manchester City WFC,26,-2.403540398664697
Laura Coombs,19416.0,Manchester City WFC,27,-2.447838443043548
Laura Coombs,19416.0,Manchester City WFC,28,-2.732908091463179
Laura Coombs,19416.0,Manchester City WFC,29,-2.732908091463179
Laura Coombs,19416.0,Manchester City WFC,30,-2.6397158375314347
Laura Coombs,19416.0,Manchester City WFC,31,-2.8342235228232395
Laura Coombs,19416.0,Manchester City WFC,32,-2.9563854655722266
Laura Coombs,19416.0,Manchester City WFC,33,-2.9563854655722266
Laura Coombs,19416.0,Manchester City WFC,34,-3.267813323208055
Laura Coombs,19416.0,Manchester City WFC,35,-3.6500452175812788
Laura Coombs,19416.0,Manchester City WFC,36,-3.724660581064169
Laura Coombs,19416.0,Manchester City WFC,37,-3.724660581064169
Laura Coombs,19416.0,Manchester City WFC,38,-3.459751003764295
Laura Coombs,19416.0,Manchester City WFC,39,-4.039852451112677
Laura Coombs,19416.0,Manchester City WFC,40,-4.227933546719922
Laura Coombs,19416.0,Manchester City WFC,41,-4.237250592267584
Laura Coombs,19416.0,Manchester City WFC,42,-4.473445733105102
Laura Coombs,19416.0,Manchester City WFC,43,-4.694122541216958
Laura Coombs,19416.0,Manchester City WFC,44,-4.694122541216958
Laura Coombs,19416.0,Manchester City WFC,45,-4.606758823302189
Laura Coombs,19416.0,Manchester City WFC,46,-4.819950142609991
Laura Coombs,19416.0,Manchester City WFC,47,-4.31282429257159
Laura Coombs,19416.0,Manchester City WFC,48,-4.329220594333957
Laura Coombs,19416.0,Manchester City WFC,49,-4.387579719620739
Laura Coombs,19416.0,Manchester City WFC,50,-4.626263069839372
Laura Coombs,19416.0,Manchester City WFC,51,-4.846050693766884
Laura Coombs,19416.0,Manchester City WFC,52,-4.97093126593639
Laura Coombs,19416.0,Manchester City WFC,53,-5.010332406868777
Laura Coombs,19416.0,Manchester City WFC,54,-5.1065912092716035
Laura Coombs,19416.0,Manchester City WFC,55,-5.195040911214782
Laura Coombs,19416.0,Manchester City WFC,56,-5.328643356939656
Laura Coombs,19416.0,Manchester City WFC,57,-5.271794762146471
Laura Coombs,19416.0,Manchester City WFC,58,-5.450338239223134
Laura Coombs,19416.0,Manchester City WFC,59,-5.600908119583336
Laura Coombs,19416.0,Manchester City WFC,60,-4.7606382765263096
Laura Coombs,19416.0,Manchester City WFC,61,-4.820316016399866
Laura Coombs,19416.0,Manchester City WFC,62,-4.820316016399866
Laura Coombs,19416.0,Manchester City WFC,63,-4.7888253777235885
Laura Coombs,19416.0,Manchester City WFC,64,-4.9106596157035955
Laura Coombs,19416.0,Manchester City WFC,65,-4.8976927100710785
Laura Coombs,19416.0,Manchester City WFC,66,-4.8976927100710785
Laura Coombs,19416.0,Manchester City WFC,67,-4.95146912872259
Laura Coombs,19416.0,Manchester City WFC,68,-5.164809624886356
Laura Coombs,19416.0,Manchester City WFC,69,-5.4353131140243764
Laura Coombs,19416.0,Manchester City WFC,70,-5.4353131140243764
Laura Coombs,19416.0,Manchester City WFC,71,-5.456514025724243
Laura Coombs,19416.0,Manchester City WFC,72,-5.124874748129705
Laura Coombs,19416.0,Manchester City WFC,73,-4.813852880937617
Laura Coombs,19416.0,Manchester City WFC,74,-4.313182332961415
Laura Coombs,19416.0,Manchester City WFC,75,-4.373775317023937
Laura Coombs,19416.0,Manchester City WFC,76,-4.122082474283672
Laura Coombs,19416.0,Manchester City WFC,77,-4.174933325037209
Laura Coombs,19416.0,Manchester City WFC,78,-4.104293224902365
Laura Coombs,19416.0,Manchester City WFC,79,-3.931068596434737
Laura Coombs,19416.0,Manchester City WFC,80,-3.8842526254796086
Laura Coombs,19416.0,Manchester City WFC,81,-4.224990828935839
Laura Coombs,19416.0,Manchester City WFC,82,-4.224990828935839
Laura Coombs,19416.0,Manchester City WFC,83,-4.2859267007455975
Laura Coombs,19416.0,Manchester City WFC,84,-4.405339154263147
Laura Coombs,19416.0,Manchester City WFC,85,-4.668302612334072
Laura Coombs,19416.0,Manchester City WFC,86,-4.668302612334072
Laura Coombs,19416.0,Manchester City WFC,87,-4.668302612334072
Laura Coombs,19416.0,Manchester City WFC,88,-4.668302612334072
Laura Coombs,19416.0,Manchester City WFC,89,-4.702973186704375
Laura Coombs,19416.0,Manchester City WFC,90,-1.030945297766473
Laura Coombs,19416.0,Manchester City WFC,91,-1.0418182877690803
Laura Coombs,19416.0,Manchester City WFC,92,-1.1251945632193285
Laura Coombs,19416.0,Manchester City WFC,93,-1.1251945632193285
Laura Coombs,19416.0,Manchester City WFC,94,-1.3544707687264812
Laura Coombs,19416.0,Manchester City WFC,95,-1.420209186737971
Laura Coombs,19416.0,Manchester City WFC,96,-1.4432184431003088
Laura Coombs,19416.0,Manchester City WFC,97,2.590012144442554
Laura Coombs,19416.0,Manchester City WFC,98,-4.846427809536211
Laura Coombs,19416.0,Manchester City WFC,99,-4.181844053227532
Laura Coombs,19416.0,Manchester City WFC,100,-4.181844053227532
Lauren Hemp,15555.0,Manchester City WFC,3,-0.2263540432832549
Lauren Hemp,15555.0,Manchester City WFC,4,-0.30582115141896304
Lauren Hemp,15555.0,Manchester City WFC,5,0.05410847245825334
Lauren Hemp,15555.0,Manchester City WFC,6,0.21699898429043918
Lauren Hemp,15555.0,Manchester City WFC,7,0.1800620640089966
Lauren Hemp,15555.0,Manchester City WFC,8,0.14922657150986332
Lauren Hemp,15555.0,Manchester City WFC,9,0.11901407354583318
Lauren Hemp,15555.0,Manchester City WFC,10,0.12944362010242844
Lauren Hemp,15555.0,Manchester City WFC,11,0.29405075224913857
Lauren Hemp,15555.0,Manchester City WFC,12,0.8311679853839785
Lauren Hemp,15555.0,Manchester City WFC,13,0.8258286932368789
Lauren Hemp,15555.0,Manchester City WFC,14,0.5207501068435336
Lauren Hemp,15555.0,Manchester City WFC,15,0.49025920843775933
Lauren Hemp,15555.0,Manchester City WFC,16,0.3468101977105942
Lauren Hemp,15555.0,Manchester City WFC,17,-0.08130306949057303
Lauren Hemp,15555.0,Manchester City WFC,18,0.33209243262553917
Lauren Hemp,15555.0,Manchester City WFC,19,0.2884359920388254
Lauren Hemp,15555.0,Manchester City WFC,20,-0.3532900691890082
Lauren Hemp,15555.0,Manchester City WFC,21,-0.2479368258013637
Lauren Hemp,15555.0,Manchester City WFC,22,-0.23965396544822007
Lauren Hemp,15555.0,Manchester City WFC,23,-0.23965396544822007
Lauren Hemp,15555.0,Manchester City WFC,24,0.3658146028821208
Lauren Hemp,15555.0,Manchester City WFC,25,0.2737661219705573
Lauren Hemp,15555.0,Manchester City WFC,26,0.3871957560197483
Lauren Hemp,15555.0,Manchester City WFC,27,0.602923941730265
Lauren Hemp,15555.0,Manchester City WFC,28,0.5154096552448132
Lauren Hemp,15555.0,Manchester City WFC,29,0.5154096552448132
Lauren Hemp,15555.0,Manchester City WFC,30,0.42944123530513206
Lauren Hemp,15555.0,Manchester City WFC,31,0.3186059487063868
Lauren Hemp,15555.0,Manchester City WFC,32,0.3186059487063868
Lauren Hemp,15555.0,Manchester City WFC,33,0.2643470823993962
Lauren Hemp,15555.0,Manchester City WFC,34,0.36394347213830514
Lauren Hemp,15555.0,Manchester City WFC,35,-0.10391034828896273
Lauren Hemp,15555.0,Manchester City WFC,36,-0.2702814107195992
Lauren Hemp,15555.0,Manchester City WFC,37,-0.4396764482928205
Lauren Hemp,15555.0,Manchester City WFC,38,-0.4396764482928205
Lauren Hemp,15555.0,Manchester City WFC,39,-0.18675041137939918
Lauren Hemp,15555.0,Manchester City WFC,40,-0.11433220048090642
Lauren Hemp,15555.0,Manchester City WFC,41,-0.11433220048090642
Lauren Hemp,15555.0,Manchester City WFC,42,-0.37667725965282106
Lauren Hemp,15555.0,Manchester City WFC,43,-0.6222128433157332
Lauren Hemp,15555.0,Manchester City WFC,44,-0.6881971846772323
Lauren Hemp,15555.0,Manchester City WFC,45,-1.2508133786605893
Lauren Hemp,15555.0,Manchester City WFC,46,-1.7845689153630906
Lauren Hemp,15555.0,Manchester City WFC,47,-2.20692213123346
Lauren Hemp,15555.0,Manchester City WFC,48,-2.269108612173463
Lauren Hemp,15555.0,Manchester City WFC,49,-2.4730383507631943
Lauren Hemp,15555.0,Manchester City WFC,50,-2.9432233051948478
Lauren Hemp,15555.0,Manchester City WFC,51,-3.11039757965549
Lauren Hemp,15555.0,Manchester City WFC,52,-3.2403824015659786
Lauren Hemp,15555.0,Manchester City WFC,53,-3.4837020992501335
Lauren Hemp,15555.0,Manchester City WFC,54,-3.4690993640439443
Lauren Hemp,15555.0,Manchester City WFC,55,-3.249015167428243
Lauren Hemp,15555.0,Manchester City WFC,56,-3.2733140946410453
Lauren Hemp,15555.0,Manchester City WFC,57,-3.6573128195537707
Lauren Hemp,15555.0,Manchester City WFC,58,-3.60713078511108
Lauren Hemp,15555.0,Manchester City WFC,59,-3.60713078511108
Lauren Hemp,15555.0,Manchester City WFC,60,-3.888382550007985
Lauren Hemp,15555.0,Manchester City WFC,61,-3.830889975788903
Lauren Hemp,15555.0,Manchester City WFC,62,-3.696408262868114
Lauren Hemp,15555.0,Manchester City WFC,63,-3.981171065216106
Lauren Hemp,15555.0,Manchester City WFC,64,-3.981171065216106
Lauren Hemp,15555.0,Manchester City WFC,65,-3.981171065216106
Lauren Hemp,15555.0,Manchester City WFC,66,-3.3384675431249247
Lauren Hemp,15555.0,Manchester City WFC,67,-3.688724438079616
Lauren Hemp,15555.0,Manchester City WFC,68,-3.8720423407632083
Lauren Hemp,15555.0,Manchester City WFC,69,-1.397195638657685
Lauren Hemp,15555.0,Manchester City WFC,70,-1.397195638657685
Lauren Hemp,15555.0,Manchester City WFC,71,-1.6232287164744306
Lauren Hemp,15555.0,Manchester City WFC,72,-1.7376492939254056
Lauren Hemp,15555.0,Manchester City WFC,73,-1.9175608447719354
Lauren Hemp,15555.0,Manchester City WFC,74,-1.7688200236287925
Lauren Hemp,15555.0,Manchester City WFC,75,-1.7441721784777555
Lauren Hemp,15555.0,Manchester City WFC,76,-1.7490014852862923
Lauren Hemp,15555.0,Manchester City WFC,77,-1.4657349797895511
Lauren Hemp,15555.0,Manchester City WFC,78,-1.4657349797895511
Lauren Hemp,15555.0,Manchester City WFC,79,-0.9000139961974631
Lauren Hemp,15555.0,Manchester City WFC,80,-0.26909228949916475
Lauren Hemp,15555.0,Manchester City WFC,81,-0.7049554709997568
Lauren Hemp,15555.0,Manchester City WFC,82,-1.2926056818294205
Lauren Hemp,15555.0,Manchester City WFC,83,-2.0453023614082984
Lauren Hemp,15555.0,Manchester City WFC,84,-1.2325787780329605
Lauren Hemp,15555.0,Manchester City WFC,85,-0.975323320295995
Lauren Hemp,15555.0,Manchester City WFC,86,-0.9425508827293059
Lauren Hemp,15555.0,Manchester City WFC,87,-0.9425508827293059
Lauren Hemp,15555.0,Manchester City WFC,88,-0.9425508827293059
Lauren Hemp,15555.0,Manchester City WFC,89,-0.9052707981150494
Lauren Hemp,15555.0,Manchester City WFC,90,-0.23020907475137076
Lauren Hemp,15555.0,Manchester City WFC,91,-0.5563881853597157
Lauren Hemp,15555.0,Manchester City WFC,92,-0.5563881853597157
Lauren Hemp,15555.0,Manchester City WFC,93,-0.4864965507146106
Lauren Hemp,15555.0,Manchester City WFC,94,-0.5109426180183392
Lauren Hemp,15555.0,Manchester City WFC,95,-0.577586484647703
Lauren Hemp,15555.0,Manchester City WFC,96,-0.6136927476716032
Lauren Hemp,15555.0,Manchester City WFC,97,-4.668100352117531
Lauren Hemp,15555.0,Manchester City WFC,98,-7.842229802151864
Lauren Hemp,15555.0,Manchester City WFC,99,-3.6558662674161284
Lauren Hemp,15555.0,Manchester City WFC,100,-3.6558662674161284
Stephanie Houghton,10185.0,Manchester City WFC,3,-1.7750821906047038
Stephanie Houghton,10185.0,Manchester City WFC,4,-1.7750821906047038
Stephanie Houghton,10185.0,Manchester City WFC,5,-1.9841235769775294
Stephanie Houghton,10185.0,Manchester City WFC,6,-2.3635986422861612
Stephanie Houghton,10185.0,Manchester City WFC,7,-2.3635986422861612
Stephanie Houghton,10185.0,Manchester City WFC,8,-2.6630663444696565
Stephanie Houghton,10185.0,Manchester City WFC,9,-2.7234372581247506
Stephanie Houghton,10185.0,Manchester City WFC,10,-3.1854201887946023
Stephanie Houghton,10185.0,Manchester City WFC,11,-3.2808472777162945
Stephanie Houghton,10185.0,Manchester City WFC,12,-4.286674280602196
Stephanie Houghton,10185.0,Manchester City WFC,13,-4.695397565931044
Stephanie Houghton,10185.0,Manchester City WFC,14,-4.967285006757182
Stephanie Houghton,10185.0,Manchester City WFC,15,-5.200571708175541
Stephanie Houghton,10185.0,Manchester City WFC,16,-5.200571708175541
Stephanie Houghton,10185.0,Manchester City WFC,17,-4.711738526861832
Stephanie Houghton,10185.0,Manchester City WFC,18,-4.902372331012004
Stephanie Houghton,10185.0,Manchester City WFC,19,-4.902372331012004
Stephanie Houghton,10185.0,Manchester City WFC,20,-4.902372331012004
Stephanie Houghton,10185.0,Manchester City WFC,21,-5.368203912264601
Stephanie Houghton,10185.0,Manchester City WFC,22,-5.368203912264601
Stephanie Houghton,10185.0,Manchester City WFC,23,-5.368203912264601
Stephanie Houghton,10185.0,Manchester City WFC,24,-5.368203912264601
Stephanie Houghton,10185.0,Manchester City WFC,25,-5.832779947380874
Stephanie Houghton,10185.0,Manchester City WFC,26,-5.832779947380874
Stephanie Houghton,10185.0,Manchester City WFC,27,-5.832779947380874
Stephanie Houghton,10185.0,Manchester City WFC,28,-5.832779947380874
Stephanie Houghton,10185.0,Manchester City WFC,29,-5.904117771610562
Stephanie Houghton,10185.0,Manchester City WFC,30,-6.097331500460696
Stephanie Houghton,10185.0,Manchester City WFC,31,-6.306592264903014
Stephanie Houghton,10185.0,Manchester City WFC,32,-6.503251610428252
Stephanie Houghton,10185.0,Manchester City WFC,33,-6.556375642070942
Stephanie Houghton,10185.0,Manchester City WFC,34,-6.787359681151032
Stephanie Houghton,10185.0,Manchester City WFC,35,-6.787359681151032
Stephanie Houghton,10185.0,Manchester City WFC,36,-6.787359681151032
Stephanie Houghton,10185.0,Manchester City WFC,37,-7.27068400613269
Stephanie Houghton,10185.0,Manchester City WFC,38,-7.52614753876617
Stephanie Houghton,10185.0,Manchester City WFC,39,-7.52614753876617
Stephanie Houghton,10185.0,Manchester City WFC,40,-7.822300939541048
Stephanie Houghton,10185.0,Manchester City WFC,41,-8.340871238851241
Stephanie Houghton,10185.0,Manchester City WFC,42,-8.340871238851241
Stephanie Houghton,10185.0,Manchester City WFC,43,-8.340871238851241
Stephanie Houghton,10185.0,Manchester City WFC,44,-8.822015325923646
Stephanie Houghton,10185.0,Manchester City WFC,45,-9.033733335056132
Stephanie Houghton,10185.0,Manchester City WFC,46,-9.293521223667419
Stephanie Houghton,10185.0,Manchester City WFC,47,-9.293521223667419
Stephanie Houghton,10185.0,Manchester City WFC,48,-10.057063404714658
Stephanie Houghton,10185.0,Manchester City WFC,49,-10.057063404714658
Stephanie Houghton,10185.0,Manchester City WFC,50,-10.267171211400623
Stephanie Houghton,10185.0,Manchester City WFC,51,-10.22211698474145
Stephanie Houghton,10185.0,Manchester City WFC,52,-10.22211698474145
Stephanie Houghton,10185.0,Manchester City WFC,53,-10.22211698474145
Stephanie Houghton,10185.0,Manchester City WFC,54,-10.22211698474145
Stephanie Houghton,10185.0,Manchester City WFC,55,-10.437632794656302
Stephanie Houghton,10185.0,Manchester City WFC,56,-9.516441486122758
Stephanie Houghton,10185.0,Manchester City WFC,57,-9.516441486122758
Stephanie Houghton,10185.0,Manchester City WFC,58,-9.516441486122758
Stephanie Houghton,10185.0,Manchester City WFC,59,-9.516441486122758
Stephanie Houghton,10185.0,Manchester City WFC,60,-9.617943977704707
Stephanie Houghton,10185.0,Manchester City WFC,61,-9.617943977704707
Stephanie Houghton,10185.0,Manchester City WFC,62,-9.847514030317546
Stephanie Houghton,10185.0,Manchester City WFC,63,-9.847514030317546
Stephanie Houghton,10185.0,Manchester City WFC,64,-10.375139723597654
Stephanie Houghton,10185.0,Manchester City WFC,65,-10.53785953333047
Stephanie Houghton,10185.0,Manchester City WFC,66,-8.844410889743743
Stephanie Houghton,10185.0,Manchester City WFC,67,-8.916535121192274
Stephanie Houghton,10185.0,Manchester City WFC,68,-8.916535121192274
Stephanie Houghton,10185.0,Manchester City WFC,69,-9.261078414793708
Stephanie Houghton,10185.0,Manchester City WFC,70,-9.283867045625428
Stephanie Houghton,10185.0,Manchester City WFC,71,-10.03669529185047
Stephanie Houghton,10185.0,Manchester City WFC,72,-10.03669529185047
Stephanie Houghton,10185.0,Manchester City WFC,73,-9.919081392359065
Stephanie Houghton,10185.0,Manchester City WFC,74,-9.407088175745052
Stephanie Houghton,10185.0,Manchester City WFC,75,-9.450919524128189
Stephanie Houghton,10185.0,Manchester City WFC,76,-9.450919524128189
Stephanie Houghton,10185.0,Manchester City WFC,77,-9.450919524128189
Stephanie Houghton,10185.0,Manchester City WFC,78,-9.61874126563962
Stephanie Houghton,10185.0,Manchester City WFC,79,-9.61874126563962
Stephanie Houghton,10185.0,Manchester City WFC,80,-10.412607733992658
Stephanie Houghton,10185.0,Manchester City WFC,81,-10.412607733992658
Stephanie Houghton,10185.0,Manchester City WFC,82,-10.489336510388
Stephanie Houghton,10185.0,Manchester City WFC,83,-10.611588724126534
Stephanie Houghton,10185.0,Manchester City WFC,84,-10.611588724126534
Stephanie Houghton,10185.0,Manchester City WFC,85,-11.181017127599748
Stephanie Houghton,10185.0,Manchester City WFC,86,-11.181017127599748
Stephanie Houghton,10185.0,Manchester City WFC,87,-11.181017127599748
Stephanie Houghton,10185.0,Manchester City WFC,88,-5.794522777906764
Stephanie Houghton,10185.0,Manchester City WFC,89,-5.794522777906764
Stephanie Houghton,10185.0,Manchester City WFC,90,-5.794522777906764
Stephanie Houghton,10185.0,Manchester City WFC,91,-6.853649803972598
Stephanie Houghton,10185.0,Manchester City WFC,92,-6.833572739412862
Stephanie Houghton,10185.0,Manchester City WFC,93,-6.833572739412862
Stephanie Houghton,10185.0,Manchester City WFC,94,-6.833572739412862
Stephanie Houghton,10185.0,Manchester City WFC,95,-7.021029067233462
Stephanie Houghton,10185.0,Manchester City WFC,96,-7.021029067233462
Stephanie Houghton,10185.0,Manchester City WFC,97,-7.263317494616192
Stephanie Houghton,10185.0,Manchester City WFC,98,-7.381841424862069
Stephanie Houghton,10185.0,Manchester City WFC,99,-3.5316003266666804
Stephanie Houghton,10185.0,Manchester City WFC,100,-3.5316003266666804
Yui Hasegawa,25632.0,Manchester City WFC,3,-0.6130007710295196
Yui Hasegawa,25632.0,Manchester City WFC,4,-0.8728155419310266
Yui Hasegawa,25632.0,Manchester City WFC,5,-0.7617458336110567
Yui Hasegawa,25632.0,Manchester City WFC,6,-0.8546023730239263
Yui Hasegawa,25632.0,Manchester City WFC,7,-0.9869831210102529
Yui Hasegawa,25632.0,Manchester City WFC,8,-0.9656253609917117
Yui Hasegawa,25632.0,Manchester City WFC,9,-1.2346638164843466
Yui Hasegawa,25632.0,Manchester City WFC,10,-1.8563194594793622
Yui Hasegawa,25632.0,Manchester City WFC,11,-1.8563194594793622
Yui Hasegawa,25632.0,Manchester City WFC,12,-1.427968174118247
Yui Hasegawa,25632.0,Manchester City WFC,13,-1.4215156926438048
Yui Hasegawa,25632.0,Manchester City WFC,14,-1.3509320009760226
Yui Hasegawa,25632.0,Manchester City WFC,15,-1.442444906307291
Yui Hasegawa,25632.0,Manchester City WFC,16,-1.63035157822919
Yui Hasegawa,25632.0,Manchester City WFC,17,-2.0219879379489987
Yui Hasegawa,25632.0,Manchester City WFC,18,-2.1312313680293973
Yui Hasegawa,25632.0,Manchester City WFC,19,-2.5260332847063887
Yui Hasegawa,25632.0,Manchester City WFC,20,-2.6273791315732433
Yui Hasegawa,25632.0,Manchester City WFC,21,-3.145608350297531
Yui Hasegawa,25632.0,Manchester City WFC,22,-3.21779304910354
Yui Hasegawa,25632.0,Manchester City WFC,23,-3.384920126134574
Yui Hasegawa,25632.0,Manchester City WFC,24,-3.384920126134574
Yui Hasegawa,25632.0,Manchester City WFC,25,-3.561292026366934
Yui Hasegawa,25632.0,Manchester City WFC,26,-3.6731048012359
Yui Hasegawa,25632.0,Manchester City WFC,27,-3.886000325415324
Yui Hasegawa,25632.0,Manchester City WFC,28,-4.1139549362911305
Yui Hasegawa,25632.0,Manchester City WFC,29,-4.163461794218978
Yui Hasegawa,25632.0,Manchester City WFC,30,-4.439162059900044
Yui Hasegawa,25632.0,Manchester City WFC,31,-4.511600858164681
Yui Hasegawa,25632.0,Manchester City WFC,32,-4.786035207558234
Yui Hasegawa,25632.0,Manchester City WFC,33,-4.827576110016064
Yui Hasegawa,25632.0,Manchester City WFC,34,-4.954208616869222
Yui Hasegawa,25632.0,Manchester City WFC,35,-5.197341639611078
Yui Hasegawa,25632.0,Manchester City WFC,36,-5.076162069356682
Yui Hasegawa,25632.0,Manchester City WFC,37,-5.303218739635761
Yui Hasegawa,25632.0,Manchester City WFC,38,-5.747277217400667
Yui Hasegawa,25632.0,Manchester City WFC,39,-5.98139597992921
Yui Hasegawa,25632.0,Manchester City WFC,40,-6.054517365008612
Yui Hasegawa,25632.0,Manchester City WFC,41,-6.234748337273409
Yui Hasegawa,25632.0,Manchester City WFC,42,-6.20543202580315
Yui Hasegawa,25632.0,Manchester City WFC,43,-6.4442088470117485
Yui Hasegawa,25632.0,Manchester City WFC,44,-6.5738046169234465
Yui Hasegawa,25632.0,Manchester City WFC,45,-6.74204161070264
Yui Hasegawa,25632.0,Manchester City WFC,46,-7.011252976745024
Yui Hasegawa,25632.0,Manchester City WFC,47,-7.211413008079224
Yui Hasegawa,25632.0,Manchester City WFC,48,-7.529169232961522
Yui Hasegawa,25632.0,Manchester City WFC,49,-7.684398236460768
Yui Hasegawa,25632.0,Manchester City WFC,50,-7.916574077352934
Yui Hasegawa,25632.0,Manchester City WFC,51,-8.130331960537864
Yui Hasegawa,25632.0,Manchester City WFC,52,-8.490298962397167
Yui Hasegawa,25632.0,Manchester City WFC,53,-8.61383622095607
Yui Hasegawa,25632.0,Manchester City WFC,54,-8.768572502125544
Yui Hasegawa,25632.0,Manchester City WFC,55,-8.986025495051749
Yui Hasegawa,25632.0,Manchester City WFC,56,-9.129926725698018
Yui Hasegawa,25632.0,Manchester City WFC,57,-9.310542392019169
Yui Hasegawa,25632.0,Manchester City WFC,58,-9.047452200478086
Yui Hasegawa,25632.0,Manchester City WFC,59,-9.194566210004348
Yui Hasegawa,25632.0,Manchester City WFC,60,-9.031016408701126
Yui Hasegawa,25632.0,Manchester City WFC,61,-9.017817151242108
Yui Hasegawa,25632.0,Manchester City WFC,62,-8.213167349029629
Yui Hasegawa,25632.0,Manchester City WFC,63,-8.358118324738982
Yui Hasegawa,25632.0,Manchester City WFC,64,-8.499625471070177
Yui Hasegawa,25632.0,Manchester City WFC,65,-8.792025247019243
Yui Hasegawa,25632.0,Manchester City WFC,66,-8.118058779776234
Yui Hasegawa,25632.0,Manchester City WFC,67,-8.539190425852771
Yui Hasegawa,25632.0,Manchester City WFC,68,-8.919176235676535
Yui Hasegawa,25632.0,Manchester City WFC,69,-9.019305135572804
Yui Hasegawa,25632.0,Manchester City WFC,70,-9.040262493882379
Yui Hasegawa,25632.0,Manchester City WFC,71,-9.254104162396132
Yui Hasegawa,25632.0,Manchester City WFC,72,-9.254104162396132
Yui Hasegawa,25632.0,Manchester City WFC,73,-9.476944681564968
Yui Hasegawa,25632.0,Manchester City WFC,74,-9.568638945541977
Yui Hasegawa,25632.0,Manchester City WFC,75,-9.591245784571452
Yui Hasegawa,25632.0,Manchester City WFC,76,-9.748502926344011
Yui Hasegawa,25632.0,Manchester City WFC,77,-9.52894079258726
Yui Hasegawa,25632.0,Manchester City WFC,78,-9.52894079258726
Yui Hasegawa,25632.0,Manchester City WFC,79,-9.52894079258726
Yui Hasegawa,25632.0,Manchester City WFC,80,-9.59989176227508
Yui Hasegawa,25632.0,Manchester City WFC,81,-9.654230217767369
Yui Hasegawa,25632.0,Manchester City WFC,82,-9.950538228563946
Yui Hasegawa,25632.0,Manchester City WFC,83,-10.006856582976196
Yui Hasegawa,25632.0,Manchester City WFC,84,-10.053806793019621
Yui Hasegawa,25632.0,Manchester City WFC,85,-9.81595165468077
Yui Hasegawa,25632.0,Manchester City WFC,86,-10.24457845696804
Yui Hasegawa,25632.0,Manchester City WFC,87,-10.245731700797718
Yui Hasegawa,25632.0,Manchester City WFC,88,-10.512574688759576
Yui Hasegawa,25632.0,Manchester City WFC,89,-11.028445561988125
Yui Hasegawa,25632.0,Manchester City WFC,90,-11.141236406020877
Yui Hasegawa,25632.0,Manchester City WFC,91,-11.214718898386156
Yui Hasegawa,25632.0,Manchester City WFC,92,-11.339373561698968
Yui Hasegawa,25632.0,Manchester City WFC,93,-11.191359849746265
Yui Hasegawa,25632.0,Manchester City WFC,94,-11.140988775680794
Yui Hasegawa,25632.0,Manchester City WFC,95,-11.207772213337162
Yui Hasegawa,25632.0,Manchester City WFC,96,-11.347006400249981
Yui Hasegawa,25632.0,Manchester City WFC,97,-11.254227947273845
Yui Hasegawa,25632.0,Manchester City WFC,98,-15.281961352403446
Yui Hasegawa,25632.0,Manchester City WFC,99,-14.579382507214492
Yui Hasegawa,25632.0,Manchester City WFC,100,-14.579382507214492
